rank,trial_id,aggregated_score,mean_oos_pf,std_oos_pf,worst_oos_pf,mean_is_pf,is_oos_decay,n_splits,p_adx_filter_enabled,p_adx_period,p_adx_threshold,p_adx_use_di_confluence,p_kijun_period,p_risk_per_trade,p_score_threshold,p_senkou_b_period,p_session_filter_enabled,p_shift,p_tenkan_period,p_tp_rr_ratio
1,559,25.4257915576206,110.81304304097556,170.77450296670992,0,1.9498271635892992,-108.86321587738625,9,1,14,39.37613358858219,1,31,0.020313151373225785,58,69,0,28,10,1.7661967306417756
2,437,5.529203426927012,178.10098533957643,345.1435638252988,0,2.644508748442179,-175.45647659113425,9,1,14,39.899559413067635,1,27,0.01392794216976707,49,42,0,30,8,1.7507039575372068
3,578,4.832741179657329,26.292234287365186,42.918986215415714,0,2.0920944804731616,-24.200139806892025,9,1,14,26.430912918630895,0,23,0.010420080825527617,41,43,0,22,7,3.4235006381080804
4,301,2.891016839214771,35.35476191011289,64.92749014179624,0,1.1844338490558652,-34.17032806105703,9,1,14,39.301691344993976,0,31,0.01339616844473744,54,44,0,29,11,1.9692479653290431
5,158,1.8181068734704198,7.781832667312632,11.927451587684425,0.0158450852638182,1.2181839153787832,-6.563648751933849,9,1,14,25.43423156367428,0,28,0.018825630426246538,43,70,0,22,10,2.887103201191217
6,515,1.6640378127020483,35.92005960449074,68.51204358357738,0.020626922898015213,3.717388945552079,-32.20267065893866,9,1,14,28.116151876827914,0,23,0.010149775261183974,55,63,0,24,13,2.5727380557737956
7,308,1.2711038859680173,167.58282816443548,332.62344855693493,0,1.5628527163783197,-166.01997544805715,9,1,14,43.05975173997264,0,24,0.020518358957288464,41,48,0,27,8,1.93640792259449
8,410,1.166191698725104,28.173105502712684,54.01382760797516,0,1.7354413740579888,-26.437664128654696,9,1,14,28.973872230984114,0,22,0.010698736141232762,50,42,0,25,8,2.7435140474337905
9,570,1.1140698449264448,1.959992245025988,1.6918448001990862,0.33605850437429274,1.4066117205012194,-0.5533805245247685,9,1,14,34.98549016904981,1,38,0.017540137651540492,55,69,0,21,10,2.0471870415614135
10,346,1.1031572598623136,1.8762395881897485,1.5461646566548697,0,1.5486418009200347,-0.3275977872697138,9,1,14,31.4609922571022,0,38,0.012298638241729424,44,70,0,23,9,2.232811637444457
11,494,1.0995370523438432,2.1579339355611675,2.1167937664346486,0.012223776305114882,2.2152969718363362,0.0573630362751687,9,1,14,30.669782425390753,1,29,0.02623712674954072,40,68,0,25,11,2.735850944080219
12,739,1.08066375526832,1.88405725683117,1.6067870031256999,0.33362613023616244,1.3581829253982793,-0.5258743314328906,9,1,14,33.525956680803645,0,22,0.01737102888281191,53,45,0,20,12,1.5289231148810865
13,109,1.02828829360013,2.1400691857554306,2.223561784310601,0.11709200092803929,2.007228937630406,-0.13284024812502437,9,1,14,25.992130952933927,0,31,0.016610889777013287,60,59,0,25,9,2.509911296561479
14,194,1.0177628018872251,1.8896285208838646,1.743731437993279,0,1.4232926887115587,-0.4663358321723059,9,1,14,30.88549240126275,0,29,0.01877959377016349,60,65,0,30,13,1.8452473918741468
15,343,1.0162390641471586,2.1177763971077628,2.2030746659212084,0.39292847947858117,1.5202801703638888,-0.5974962267438739,9,1,14,36.66089464865942,0,29,0.01464061636137021,60,63,0,26,10,1.8881874887195536
16,440,0.9901635932179957,1.5593764593327695,1.1384257322295475,0.02513979263821773,1.367001862448421,-0.19237459688434844,9,1,14,28.65025997601689,1,37,0.014248985669603212,57,64,0,30,7,2.018015706637921
17,460,0.9849739767435128,2.235974070294282,2.5020001871015385,0,2.4876503739079814,0.2516763036136993,9,1,14,26.062535074876696,1,40,0.016912892726401653,41,50,0,25,7,2.7864278820398187
18,777,0.9721591111127241,1.9126775829598524,1.8810369436942564,0.5081905668915764,1.3480596927096502,-0.5646178902502021,9,1,14,35.45661887619351,0,32,0.01116608649529331,59,57,0,26,12,1.673274656050313
19,387,0.967345959803745,2.0024046810511607,2.070117442494831,0.1803331742136352,1.5847085787926711,-0.4176961022584895,9,1,14,25.940114962771617,0,27,0.016378513738571396,44,55,0,30,10,2.2860564262252785
20,306,0.9606148485403542,1.9334097080727775,1.9455897190648466,0.025142700318569248,2.1662156591134174,0.23280595104063995,9,1,14,29.34144212586437,1,39,0.028262703976070967,49,61,0,22,11,2.4653026212573375
21,778,0.9547163537660623,1.8546420311408918,1.7998513547496588,0.44535887638109933,1.3485629848850555,-0.5060790462558362,9,1,14,35.23516841341099,0,27,0.0163623969631897,55,58,0,24,7,2.086560322999474
22,497,0.9475605955533358,1.8036761547771067,1.7122311184475418,0.01408080992126989,1.1669874612161513,-0.6366886935609555,9,1,14,32.48914901434889,0,31,0.021682544721531437,58,63,0,20,10,1.9837527347674593
23,0,0.9332002908590916,1.7626604333088094,1.6589202848994355,0.33017769860041735,1.3775762892047727,-0.3850841441040367,9,1,14,35.53114818005548,0,33,0.018118035164615538,41,52,0,28,12,1.828197222918587
24,402,0.9311849454435617,1.8064303931180303,1.7504908953489373,0.2582338997495116,1.283800476441268,-0.5226299166767623,9,1,14,25.435118280834036,1,26,0.01030974131265487,60,46,0,30,12,1.724055844980502
25,445,0.9175922110771149,1.9467092209817325,2.0582340198092353,0.30010145720140435,1.5825575708773338,-0.36415165010439865,9,1,14,37.2367804551153,1,31,0.014261067438521005,46,58,0,30,13,1.755365653219672
26,525,0.9134192562814429,1.9882414498902738,2.149644387217662,0.2817176542387719,1.2733941134651,-0.714847336425174,9,1,14,25.220911129731572,0,33,0.012967045594476718,47,51,0,30,7,1.5518862831828892
27,906,0.9066262777440989,1.7824385372975324,1.7516245191068671,0.45512257003210216,1.4012383862608384,-0.381200151036694,9,1,14,33.83344124816711,0,24,0.02193261800992052,52,59,0,25,9,2.0662692078059863
28,38,0.9039624355622576,1.6629678662471095,1.5180108613697036,0.011900997353739335,1.221878076568152,-0.4410897896789574,9,1,14,29.95312034831646,0,30,0.01143992079723423,56,60,0,20,8,2.263182989149486
29,859,0.8996018521911076,2.2481670054870744,2.6971303065919336,0.24168842392643883,1.6011882908538164,-0.646978714633258,9,1,14,34.291465798022514,1,37,0.01731708309101735,42,40,0,30,8,1.5616776416492093
30,688,0.8984886044595166,1.9886124315164142,2.180247654113795,0.2687133680519186,1.5471995625379376,-0.44141286897847665,9,1,14,36.978718005343346,0,34,0.014285170331365397,51,69,0,30,12,1.5333143125823283
31,623,0.8724602617992503,1.7452960691218307,1.7456716146451607,0.40360632796503715,1.6986851816778268,-0.04661088744400388,9,1,14,36.0375328204099,0,24,0.022380912775811605,40,59,0,23,13,2.3049570164446886
32,913,0.8672102079786288,1.5157352416198693,1.297050067282481,0.01729632531579053,1.3928863997841832,-0.12284884183568612,9,1,14,27.25577170299353,1,21,0.011206223455530184,48,54,0,30,11,1.7525885484207009
33,815,0.8563552859243578,1.6373655196950374,1.5620204675413591,0.24033772262029554,1.367596130419585,-0.26976938927545246,9,1,14,27.639301779934957,1,21,0.019284423369146233,40,64,0,25,12,2.0089803846401333
34,875,0.8483786849213526,2.2007671412485137,2.704776912654322,0.23331609720953955,2.1388883337714097,-0.06187880747710395,9,1,14,25.9544008036354,1,25,0.010866374795326096,58,59,0,23,9,1.5383431277743995
35,771,0.8309914497226611,1.8372285260610899,2.0124741526768575,0,1.5114423306355174,-0.3257861954255725,9,1,14,36.32182348467581,0,40,0.013573016430688542,44,42,0,27,12,2.1631609314440032
36,725,0.8226419217948826,2.259248957487666,2.8732140713855667,0,1.5035572473973646,-0.7556917100903013,9,1,14,34.69195752961196,0,35,0.010594865368408892,43,56,0,22,12,3.027395493825261
37,586,0.8064305706152831,1.5818295999400016,1.550798058649437,0.22965013648816235,1.1033441830518833,-0.4784854168881183,9,1,14,30.361552953400135,0,35,0.016216832386886443,59,53,0,25,8,1.5709830565972875
38,263,0.7956123161083324,2.0186032943500485,2.445981956483432,0.4037306804892597,1.3705677822630224,-0.648035512087026,9,1,14,33.38242390569272,0,27,0.01080457613736026,48,58,0,26,7,1.7640882184404532
39,840,0.7918725783986076,1.9053243162271956,2.226903475657176,0.028002141493153433,1.4783526552051596,-0.426971661022036,9,1,14,33.03656076012612,1,40,0.014468991094414466,42,60,0,23,8,2.007818508793261
40,436,0.7756651698661087,1.4858623187037088,1.4203942976752002,0,1.8787469377317214,0.39288461902801264,9,1,14,35.68830609645195,1,21,0.012527051955271025,43,59,0,20,10,2.936705429856855
41,773,0.7735977588608198,1.445268713283971,1.3433419088463023,0,1.6813317972130575,0.23606308392908648,9,1,14,34.196227010826796,1,29,0.014902489323435209,52,69,0,27,12,3.5344200886301276
42,167,0.7689554811598549,1.859787927820061,2.1816648933204124,0,1.659947481273788,-0.1998404465462731,9,1,14,33.372762061045904,0,39,0.013452962942895509,56,55,0,27,9,2.423667311686059
43,421,0.7670693459536763,1.76682505766153,1.9995114234157076,0.2845372072878965,1.741323469330156,-0.02550158833137406,9,1,14,35.68468110733963,0,39,0.011587917227642491,54,56,0,26,7,1.5032540675622084
44,571,0.7213036861290452,1.3825191524938791,1.322430932729668,0,1.6606821526970896,0.2781630002032105,9,1,14,34.9572285327672,1,40,0.016845242784747923,47,67,0,20,12,3.3197069460091546
45,287,0.7044760130880103,2.00442058136239,2.599889136548759,0,1.47121811814957,-0.5332024632128198,9,1,14,33.691610015928006,1,29,0.01494801437646098,55,63,0,29,9,3.228403584820081
46,944,0.6942908860707931,1.433993061075971,1.4794043500103558,0,1.6818247286516097,0.24783166757563868,9,1,14,31.43048186350681,1,31,0.010953355309157576,42,52,0,21,7,3.802788628982922
47,604,0.6916576459982853,1.76639641241229,2.1494775328280094,0,1.6540919658002535,-0.11230444661203642,9,1,14,36.107277468145575,1,22,0.013221706913012814,60,53,0,24,9,3.664230950425539
48,502,0.690571845658212,1.7834347381638276,2.1857257850112313,0,1.6279225390283178,-0.15551219913550973,9,1,14,36.93603577047943,1,22,0.01323507604313007,60,54,0,30,12,3.715036516789836
49,714,0.6900842657400952,2.089667935931189,2.7991673403821875,0,1.5432049205717064,-0.5464630153594825,9,1,14,34.484429010745934,1,34,0.012774539842371478,44,58,0,26,12,3.0752157589697813
50,359,0.6854838085473685,1.7451499734666538,2.1193323298385707,0.042830594382608736,1.4901955651494634,-0.2549544083171904,9,1,14,37.41505998421908,0,37,0.012376260542832168,54,61,0,25,7,2.597093135147537
51,569,0.6336490384807673,1.6253672907760075,1.9834365045904805,0,1.3236009875406816,-0.30176630323532594,9,1,14,32.77528198750403,0,21,0.013127098106858233,60,53,0,24,12,2.8798955595029336
52,567,0.6261975003504727,1.7422243562966988,2.232053711892452,0.01647307440360031,1.4210369026764058,-0.321187453620293,9,1,14,32.934891951317475,1,25,0.02218957873682633,46,68,0,29,11,1.664881299040509
53,153,0.5873783809855506,1.3377774561488947,1.500798150326688,0,1.5996574945332223,0.2618800383843276,9,1,14,33.706667045175124,1,33,0.011709214644450698,47,66,0,26,11,2.79529322485022
54,51,-0.020624584938399693,24.647756283411553,49.336761736699906,0.025247345136724518,1.6248168879765446,-23.02293939543501,9,1,14,29.22569532354518,0,29,0.012864044428216106,43,68,0,26,7,1.9175698723474908
55,88,-0.1495502946662981,3.7614727192320276,7.8220460277966515,0.013897392753696846,1.1890514227506814,-2.5724212964813464,9,1,14,31.488936194706973,1,29,0.016584234561468732,58,70,0,21,8,3.079739426271248
56,905,-0.21402169783800584,7.002573127995675,14.433189651667362,0,1.5489012935772968,-5.453671834418379,9,1,14,31.76718373076732,1,29,0.010517389869990202,51,55,0,24,7,2.912321729758375
57,418,-0.23023684462301475,60.55394076860887,121.56835522646377,0,2.8842232101963634,-57.66971755841251,9,1,14,38.99054065299681,0,40,0.015857476207853972,47,64,0,26,10,1.7988943321412851
58,36,-0.370155798571858,5.841192597705557,12.42269679255483,0,1.4382500662182585,-4.402942531487299,9,1,14,28.919337346397217,1,25,0.01061352821894114,51,54,0,21,12,2.829076469015366
59,978,-0.47423339509201057,5.829858791373221,12.608184372930463,0,1.668044369285076,-4.1618144220881454,9,1,14,28.83973920777548,0,35,0.01411631258448689,43,52,0,29,13,2.4362750197866623
60,261,-0.5140576010749669,162.5789451983014,326.18600559875273,0,1.3936675043874251,-161.18527769391397,9,1,14,40.95385788273797,1,35,0.013911454189386122,59,40,0,25,13,2.100841445104023
61,266,-0.534121873561574,65.6690529713839,132.40634968989096,0,1.7332386047601105,-63.935814366623795,9,1,14,39.8052827811199,0,33,0.023058298797249924,41,67,0,30,10,1.9144400014218037
62,636,-0.7093605626320434,5.802619326344929,13.023959777953944,0,1.718438485926137,-4.084180840418792,9,1,14,30.788945891277436,1,34,0.014488568723377473,41,61,0,30,13,3.5623648807529924
63,339,-0.7882151587099315,7.91298400736488,17.402398332149623,0,2.6204635702317334,-5.292520437133147,9,1,14,35.23534230078157,0,26,0.011506772352642636,58,49,0,27,7,3.229022852128046
64,845,-0.9971147588327165,5.890886690346765,13.776002898358962,0,1.6202392052974308,-4.270647485049334,9,1,14,31.2765507695688,1,23,0.010721814126419326,47,51,0,25,9,3.3999268692014972
65,727,-1.006123657369506,6.895602068333182,15.803451451405376,0,1.9186101014421415,-4.97699196689104,9,1,14,34.11952478982716,0,23,0.013421769916553906,48,46,0,22,9,2.2161655212149203
66,836,-1.0609161930242852,8.536166185550009,19.194164757148588,0,2.7893293228791234,-5.746836862670886,9,1,14,26.410209921992077,1,40,0.019503641999439564,56,47,0,30,8,2.75502717285099
67,646,-1.9332977910668099,10.041215915492886,23.949027413119392,0.021530318997579394,1.473915612287281,-8.567300303205606,9,1,14,32.05101491944236,0,22,0.012276636817752436,48,47,0,24,13,2.1041342213871865
68,593,-2.0699536000380725,11.523253295938492,27.18641379195313,0.2757029136356149,1.580243647706322,-9.94300964823217,9,1,14,33.38986155413954,1,30,0.010923901000095024,53,47,0,30,7,2.131632303726154
69,198,-2.777431090304173,11.29056448609848,28.135991152805307,0,2.0594407750484174,-9.231123711050063,9,1,14,35.114717374975726,0,33,0.010782550050701807,51,43,0,30,9,3.7608067978438697
70,130,-2.9074965924119933,11.6109857790951,29.036964743014188,0.21271195061590445,1.1787733510545717,-10.432212428040529,9,1,14,37.24882775705704,1,31,0.0173235162285578,42,46,0,22,9,1.5715571927778798
71,986,-3.216275263083352,12.68608440981181,31.804719345790325,0,1.9575260072658394,-10.728558402545971,9,1,14,28.374169317028972,0,24,0.012991686589458826,42,65,0,30,13,2.3281953117482344
72,734,-3.4841802104950546,158.61170539275375,324.1917712064976,0,1.843014830657624,-156.7686905620961,9,1,14,40.43596175301141,0,21,0.011457972807603347,48,69,0,21,12,1.6198043589874738
73,369,-3.9148760045140705,158.83414468660243,325.498041382233,0,2.267660173277315,-156.56648451332512,9,1,14,38.55800738367874,1,31,0.010827309118986212,41,40,0,26,7,3.154120556650243
74,783,-4.123308167569064,157.72998676216707,323.7065898594723,0,2.652240333945873,-155.0777464282212,9,1,14,44.30613197925575,1,22,0.01426790248930506,55,65,0,27,12,1.62145061356655
75,605,-4.62329234832127,15.605233969081082,40.457052634804704,0.28624441944569856,1.6940357867651525,-13.91119818231593,9,1,14,37.20105076836218,0,39,0.01719076488476383,57,50,0,23,12,1.8205062446769953
76,39,-4.81137200448217,17.046556790786216,43.71585759053677,0.22242894346081382,2.1479608064999445,-14.89859598428627,9,1,14,29.230572548824885,1,37,0.01796885255357855,50,57,0,25,8,1.51253020757089
77,47,-4.966344821440117,18.215509586487958,46.36370881585615,0,1.1090559506398108,-17.106453635848148,9,1,14,40.035800206657285,0,38,0.011142189976481328,54,41,0,30,10,2.485590409912109
78,934,-5.293807886209027,16.865999606746783,44.31961498591162,0,1.526158625717174,-15.339840981029608,9,1,14,29.204624797172013,0,26,0.014926705079997549,51,67,0,26,12,2.398578711558068
79,606,-5.857350064326766,155.608431308705,322.93156274606355,0,1.2974225595288398,-154.31100874917618,9,1,14,41.49419410795838,1,21,0.016855989470309245,45,55,0,25,11,1.56510865385101
80,626,-5.906627592228588,69.77541649086267,151.3640881661825,0,1.7397251841262957,-68.03569130673637,9,1,14,39.95648932100528,0,31,0.018429912622912305,40,53,0,21,8,1.8447218550352704
81,206,-6.133989313368023,18.76503433173711,49.79804729021026,0.2317082623928032,1.1998047769142677,-17.565229554822842,9,1,14,29.365689404122847,1,33,0.015996865030783743,52,58,0,26,13,1.7508187924120338
82,345,-6.483955044632324,92.36328685073791,197.69448379074046,0,1.33647573881712,-91.0268111119208,9,1,14,38.44571541779152,1,27,0.01509056304998155,47,63,0,24,12,2.0052016246749313
83,177,-6.736032087312509,153.8664432331797,321.2049506409844,0,1.8671445152235944,-151.9992987179561,9,1,14,39.78808699835131,0,23,0.015029473976697945,40,59,0,27,13,2.6458766154498825
84,871,-9.262186420620118,44.61730539262772,107.75898362649568,0,2.0708204388589397,-42.54648495376878,9,1,14,33.66811881146958,0,37,0.011177198897935217,40,51,0,28,13,3.5419421044201336
85,872,-9.38009470514843,26.558790171195298,71.87776975268746,0,1.607975904196986,-24.95081426699831,9,1,14,32.15636050490665,0,34,0.01662756848368303,44,68,0,21,9,2.6760775897805567
86,537,-10.752440471379238,50.695960072426615,122.8968010876117,0,2.08940445588672,-48.60655561653989,9,1,14,36.55569017011229,0,35,0.010145930174350455,46,47,0,29,11,3.116446094883779
87,664,-12.800650449373776,92.96455720933102,211.5304153174096,0,1.4155122480273266,-91.5490449613037,9,1,14,38.33722477079624,0,27,0.01911985841942811,55,61,0,28,9,2.224773658452869
88,703,-14.05632619178786,39.59365101847738,107.29995442053048,0.016787724667228447,1.3874185980735383,-38.20623242040384,9,1,14,32.12238597476865,1,26,0.016973209895836058,52,68,0,23,10,2.296850834670032
89,711,-18.08570719655063,51.7925368324337,139.75648805796865,0.24459168848412366,1.6337180239005744,-50.15881880853312,9,1,14,33.946437212819596,0,28,0.019247173741546608,56,69,0,29,13,1.9316976007867657
90,876,-18.555571824819687,48.573539757357956,134.2582231643553,0,1.8207847025648352,-46.75275505479312,9,1,14,32.91386040683539,0,21,0.01347354729520971,56,61,0,23,9,3.496639169547369
91,574,-19.88300159863998,55.46178952732504,150.68958225193003,0.3940756423133367,1.5731525037959126,-53.88863702352913,9,1,14,36.6831050611332,0,35,0.013778091300548872,42,65,0,21,8,1.8880371301164471
92,142,-21.240600307583996,56.28735670447535,155.0559140241187,0.011926428398254954,1.5584249383384692,-54.72893176613688,9,1,14,29.239001397810195,1,37,0.01373081082199029,45,69,0,20,10,2.621581141801948
93,441,-21.46045280884833,57.502018351813135,157.92494232132293,0.2979821674714085,1.5985397674678612,-55.90347858434527,9,1,14,34.01411962923161,0,32,0.011987538518115005,42,68,0,23,11,1.960805266482732
94,599,-21.583105182202416,134.59462296044967,312.3554562853042,0,1.2728889501780445,-133.32173401027163,9,1,14,40.15775871015923,1,34,0.011681322645933308,56,46,0,23,9,2.8281686369340453
95,320,-26.84026554131266,69.77184750798438,193.22422609859407,0.24642804578619346,1.5228288005670245,-68.24901870741735,9,1,14,34.81498547983682,0,39,0.019760741685593212,43,62,0,25,13,1.999670602807134
96,219,-27.172492681671457,128.67424187754193,311.6934691184268,0,1.7342245711233533,-126.94001730641858,9,1,14,38.63239705388936,0,22,0.016647448516764824,50,58,0,25,11,1.653581204014681
97,624,-27.855343784379002,127.95519041058209,311.6210683899222,0.26082726837591624,1.33644756672035,-126.61874284386174,9,1,14,38.71739608880765,0,26,0.018588627311770488,56,56,0,29,12,1.5853000096018892
98,629,-28.81675174445627,126.97495396119533,311.5834114113032,0,1.4278319883677721,-125.54712197282755,9,1,14,38.032167306582565,0,29,0.01127446694896756,56,57,0,20,12,1.887657802508944
99,115,-29.34575873374513,126.43759422631294,311.56670592011614,0,1.4515895557849343,-124.986004670528,9,1,14,37.63852941436215,1,34,0.014542022860430824,45,54,0,26,7,1.863770197503963
100,656,-36.35453198108756,119.64236899362261,311.99380194942034,0,1.3399110713845566,-118.30245792223805,9,1,14,43.2131046537193,0,21,0.023452866660706374,59,41,0,25,9,1.5696193772479226
101,921,-43.936248912280405,112.88705721070286,313.64661224596654,0,1.9274775190991167,-110.95957969160375,9,1,14,44.23758190806534,0,23,0.015034645266993172,40,40,0,23,9,1.613615713988422
102,284,-44.19926601878325,112.66205652924273,313.72264509605196,0.3623344490152052,1.3708272745077834,-111.29122925473494,9,1,14,43.463461359235126,1,40,0.018468292276411887,55,52,0,26,13,1.5206281709303802
103,654,-44.364527949028556,112.5226315682621,313.7743190345813,0,1.233469533103897,-111.2891620351582,9,1,14,38.90871906418227,0,38,0.012473360681578298,46,54,0,27,7,2.376121248446908
104,884,-44.507496616617914,112.4025521362866,313.82009750580903,0,1.3089040940592864,-111.09364804222731,9,1,14,37.822943703171525,1,26,0.01335526771314756,41,62,0,28,10,3.119526835128063
105,419,-44.534392742747016,112.3778827442299,313.8245509739538,0,1.6320195336292118,-110.74586321060067,9,1,14,38.820129569730376,1,28,0.011939745239757313,42,52,0,22,9,2.4739216230634153
106,611,-44.55397364857794,112.36165086651866,313.8312490301932,0,2.47244652049761,-109.88920434602105,9,1,14,38.244358691905155,0,22,0.011348184272629878,43,49,0,29,9,2.6488280557128547
107,592,-44.60727089362132,112.31558686851122,313.8457155242651,0,1.2539864311123936,-111.06160043739882,9,1,14,38.265899601982234,0,40,0.010853114002572176,51,47,0,28,12,3.3871642599174936
108,398,-44.69084825603659,112.24455299590534,313.87080250388385,0,1.0327458576824844,-111.21180713822285,9,1,14,39.40203736493838,0,28,0.013010758789534511,44,50,0,29,10,2.2625942050219168
109,165,-44.74509566008784,112.19871181335459,313.88761494688487,0,1.6128403123332007,-110.58587150102139,9,1,14,38.85656124373065,0,36,0.012081623735895455,45,68,0,30,12,3.520216418046821
