rank,trial_id,aggregated_score,mean_oos_pf,std_oos_pf,worst_oos_pf,mean_is_pf,is_oos_decay,n_splits,survives,p_adx_filter_enabled,p_adx_period,p_adx_threshold,p_adx_use_di_confluence,p_kijun_period,p_risk_per_trade,p_score_threshold,p_senkou_b_period,p_session_filter_enabled,p_shift,p_tenkan_period,p_tp_rr_ratio
1,308,1.8096181721612328,2.6891493013983045,1.8330320748255517,0.26991036349396874,1.6572355866497943,-1.0319137147485102,6,0,1,14,43.05975173997264,0,24,0.020518358957288464,41,48,0,27,8,1.93640792259449
2,284,1.6255859126636392,2.1717362196175096,1.254551917264897,0.24738183038550285,1.5429178593835182,-0.6288183602339914,6,0,1,14,43.463461359235126,1,40,0.018468292276411887,55,52,0,26,13,1.5206281709303802
3,629,1.5465630692202863,2.082407389622687,1.1366705033942943,0.5166617788870911,1.651044828931436,-0.431362560691251,6,0,1,14,38.032167306582565,0,29,0.01127446694896756,56,57,0,20,12,1.887657802508944
4,906,1.535046190119682,1.8307612733937482,1.0198238773568273,0.28627178946871845,1.5007529312528753,-0.3300083421408728,6,0,1,14,33.83344124816711,0,24,0.02193261800992052,52,59,0,25,9,2.0662692078059863
5,266,1.5325819579463782,2.495725987127269,1.689391770820196,0.31746141364240354,1.8362557324878697,-0.6594702546393993,6,0,1,14,39.8052827811199,0,33,0.023058298797249924,41,67,0,30,10,1.9144400014218037
6,688,1.436164492385739,2.070452544994994,0.9599797252370144,0.6660102959800882,1.7038646514061584,-0.3665878935888356,6,1,1,14,36.978718005343346,0,34,0.014285170331365397,51,69,0,30,12,1.5333143125823283
7,623,1.4192503067890334,1.7538567109590586,0.8650793842960774,0.3927206062532194,1.7004961787229702,-0.05336053223608839,6,0,1,14,36.0375328204099,0,24,0.022380912775811605,40,59,0,23,13,2.3049570164446886
8,934,1.3818233256609744,1.828809048189752,0.8940859022322886,0.4202076921391839,1.601992681585821,-0.22681636660393112,6,0,1,14,29.204624797172013,0,26,0.014926705079997549,51,67,0,26,12,2.398578711558068
9,445,1.3398385279696006,2.704662923114937,2.78864339610634,0.5926276621528114,1.902413707283917,-0.8022492158310199,6,0,1,14,37.2367804551153,1,31,0.014261067438521005,46,58,0,30,13,1.755365653219672
10,559,1.3123193255512138,2.6458041991882464,1.592989461190702,0.45399590290827907,1.9820206339607076,-0.6637835652275388,6,0,1,14,39.37613358858219,1,31,0.020313151373225785,58,69,0,28,10,1.7661967306417756
11,39,1.3109317586153213,36.31165796951837,76.69439328960617,0.4875859079260469,2.3704043557304004,-33.94125361378797,6,0,1,14,29.230572548824885,1,37,0.01796885255357855,50,57,0,25,8,1.51253020757089
12,778,1.3021060302722647,1.8685571348752656,1.012600599941426,0.25676041161108926,1.4727313907298676,-0.39582574414539806,6,0,1,14,35.23516841341099,0,27,0.0163623969631897,55,58,0,24,7,2.086560322999474
13,978,1.2875918512798648,1.8429434591952543,0.9934983591789519,0.4223345676305953,1.5849911734888062,-0.257952285706448,6,0,1,14,28.83973920777548,0,35,0.01411631258448689,43,52,0,29,13,2.4362750197866623
14,142,1.2623915933569272,1.7370608170343143,0.8276943410455294,0.321503920261453,1.511168671877612,-0.2258921451567022,6,0,1,14,29.239001397810195,1,37,0.01373081082199029,45,69,0,20,10,2.621581141801948
15,586,1.2426096291525375,1.5480422069992745,0.6956104402177985,0.4674908437171358,1.2063252348556581,-0.3417169721436164,6,0,1,14,30.361552953400135,0,35,0.016216832386886443,59,53,0,25,8,1.5709830565972875
16,836,1.2284631719817507,14.438867635677349,26.636126497283293,0.45377817890213334,2.6067674184216396,-11.832100217255709,6,0,1,14,26.410209921992077,1,40,0.019503641999439564,56,47,0,30,8,2.75502717285099
17,440,1.2032378007914595,1.5326370547816806,0.7476357075584242,0.3209877848556963,1.422303044210875,-0.1103340105708055,6,0,1,14,28.65025997601689,1,37,0.014248985669603212,57,64,0,30,7,2.018015706637921
18,441,1.1973022736537677,1.8078927164395513,1.085083972908996,0.24371194638731924,1.5264970422393265,-0.2813956742002248,6,0,1,14,34.01411962923161,0,32,0.011987538518115005,42,68,0,23,11,1.960805266482732
19,703,1.1835718932931987,1.4861656447571638,0.7189936548757653,0.244637204129868,1.2767984925067841,-0.20936715225037972,6,0,1,14,32.12238597476865,1,26,0.016973209895836058,52,68,0,23,10,2.296850834670032
20,115,1.1730425469885848,2.275795126631331,1.6925888533554716,0.26959461608572044,1.6062365926835362,-0.669558533947795,6,0,1,14,37.63852941436215,1,34,0.014542022860430824,45,54,0,26,7,1.863770197503963
21,646,1.162982211489111,1.4930898941458925,0.9958145953498525,0,1.2868251305665959,-0.20626476357929668,6,0,1,14,32.05101491944236,0,22,0.012276636817752436,48,47,0,24,13,2.1041342213871865
22,165,1.14898445491581,167.70756979958705,372.20920334494457,0,1.8842262204877045,-165.82334357909934,6,0,1,14,38.85656124373065,0,36,0.012081623735895455,45,68,0,30,12,3.520216418046821
23,421,1.141330097011666,2.9618178141028237,3.454938878098586,0.4228240741981839,2.176948843731661,-0.7848689703711629,6,0,1,14,35.68468110733963,0,39,0.011587917227642491,54,56,0,26,7,1.5032540675622084
24,301,1.1239610900521304,1.8338892017099593,1.7337670177208828,0.3193040876798992,1.1700090186149057,-0.6638801830950536,6,0,1,14,39.301691344993976,0,31,0.01339616844473744,54,44,0,29,11,1.9692479653290431
25,346,1.116912127100186,2.3951161161893486,1.965936017582278,0.43137234857273354,1.609419630685954,-0.7856964855033945,6,0,1,14,31.4609922571022,0,38,0.012298638241729424,44,70,0,23,9,2.232811637444457
26,167,1.1119404304925196,2.171194267734937,1.3710155863041422,0.26271437999797453,1.8045385155954694,-0.36665575213946777,6,0,1,14,33.372762061045904,0,39,0.013452962942895509,56,55,0,27,9,2.423667311686059
27,599,1.110255287379832,1.5194466962888553,0.8155387240272124,0.39805782140972157,1.2016882416628334,-0.3177584546260219,6,0,1,14,40.15775871015923,1,34,0.011681322645933308,56,46,0,23,9,2.8281686369340453
28,872,1.0965404548889515,1.61452871218522,1.1173337769412,0.2535292395576892,1.4386050971877082,-0.17592361499751186,6,0,1,14,32.15636050490665,0,34,0.01662756848368303,44,68,0,21,9,2.6760775897805567
29,570,1.087771193014132,1.5570065953563024,0.7260413700990599,0.2914026723793023,1.386439293691577,-0.17056730166472533,6,0,1,14,34.98549016904981,1,38,0.017540137651540492,55,69,0,21,10,2.0471870415614135
30,725,1.0846876489978086,2.0804244386896262,1.3689526077408414,0.29523660554739145,1.5913885589062575,-0.4890358797833687,6,0,1,14,34.69195752961196,0,35,0.010594865368408892,43,56,0,22,12,3.027395493825261
31,343,1.0800842960097459,1.8292367028602625,1.1128409952067284,0.3159394267697581,1.5741104119150409,-0.25512629094522166,6,0,1,14,36.66089464865942,0,29,0.01464061636137021,60,63,0,26,10,1.8881874887195536
32,944,1.073621172184281,2.134639859931031,1.7053490284226287,0.3025675588500434,1.7154809803075644,-0.41915887962346643,6,0,1,14,31.43048186350681,1,31,0.010953355309157576,42,52,0,21,7,3.802788628982922
33,592,1.0596124435203387,167.7532352050617,372.18809989946027,0.48667511104510647,1.6278948285073935,-166.12534037655433,6,0,1,14,38.265899601982234,0,40,0.010853114002572176,51,47,0,28,12,3.3871642599174936
34,0,1.0437224264006117,1.6005140201731207,0.7935404081739242,0.44019278890862074,1.4666087993433745,-0.1339052208297462,6,0,1,14,35.53114818005548,0,33,0.018118035164615538,41,52,0,28,12,1.828197222918587
35,773,1.042045252296509,1.9140298995991882,1.8010177838757668,0,1.6781219227259967,-0.23590797687319154,6,0,1,14,34.196227010826796,1,29,0.014902489323435209,52,69,0,27,12,3.5344200886301276
36,38,1.037480614556971,1.3184209204548056,0.5108948301877012,0.5191453428408176,1.2482428517407897,-0.07017806871401588,6,0,1,14,29.95312034831646,0,30,0.01143992079723423,56,60,0,20,8,2.263182989149486
37,606,1.0356202848888614,2.1646829940207235,1.4067307601811192,0.31397245462284123,1.6484885657747437,-0.5161944282459798,6,0,1,14,41.49419410795838,1,21,0.016855989470309245,45,55,0,25,11,1.56510865385101
38,605,1.0266535240996724,2.3841189237784888,2.334909619774072,0.21808708663159931,1.821578994709321,-0.5625399290691677,6,0,1,14,37.20105076836218,0,39,0.01719076488476383,57,50,0,23,12,1.8205062446769953
39,815,1.0200120595240394,1.4405591474957848,0.8013592337662596,0.34696570371522495,1.330157404127507,-0.1104017433682778,6,0,1,14,27.639301779934957,1,21,0.019284423369146233,40,64,0,25,12,2.0089803846401333
40,840,0.9972374687914642,1.6992442064692785,1.0175423897825688,0.24011751710082804,1.4783266977077896,-0.22091750876148897,6,0,1,14,33.03656076012612,1,40,0.014468991094414466,42,60,0,23,8,2.007818508793261
41,777,0.9903821515654145,1.626053362733579,1.0415261087015857,0.20907844537882847,1.4786947994406658,-0.14735856329291308,6,0,1,14,35.45661887619351,0,32,0.01116608649529331,59,57,0,26,12,1.673274656050313
42,921,0.9836622593832272,2.905319262849311,2.396572603707323,0.22340285258278503,2.0053811780177004,-0.8999380848316108,6,0,1,14,44.23758190806534,0,23,0.015034645266993172,40,40,0,23,9,1.613615713988422
43,624,0.9699759741761691,2.526307814593775,2.2892587732646357,0.42340012209807487,1.6410546237302805,-0.8852531908634946,6,0,1,14,38.71739608880765,0,26,0.018588627311770488,56,56,0,29,12,1.5853000096018892
44,734,0.9586080795737728,2.4504553686872845,1.603138677422874,0.33333943871687816,1.8809557645085881,-0.5694996041786964,6,0,1,14,40.43596175301141,0,21,0.011457972807603347,48,69,0,21,12,1.6198043589874738
45,913,0.9411254807387041,1.6163429901382669,0.9113585985143443,0.38915732446293716,1.3296809057781156,-0.2866620843601513,6,0,1,14,27.25577170299353,1,21,0.011206223455530184,48,54,0,30,11,1.7525885484207009
46,194,0.9239182254466092,1.5146571643871913,0.7207673337744291,0.3556720393507308,1.3931079048405397,-0.12154925954665163,6,0,1,14,30.88549240126275,0,29,0.01877959377016349,60,65,0,30,13,1.8452473918741468
47,986,0.9230968850535811,1.7831328625797402,0.9061901149122744,0.45833962078544466,1.7371878146065995,-0.045945047973140696,6,0,1,14,28.374169317028972,0,24,0.012991686589458826,42,65,0,30,13,2.3281953117482344
48,51,0.9090124269635428,1.623816517445152,1.067274883019792,0.3056941062602431,1.448452793392672,-0.1753637240524799,6,0,1,14,29.22569532354518,0,29,0.012864044428216106,43,68,0,26,7,1.9175698723474908
49,398,0.8979793075517304,1.5175685552646312,0.9745353423508019,0.3647472472884709,1.1344293302039525,-0.38313922506067866,6,0,1,14,39.40203736493838,0,28,0.013010758789534511,44,50,0,29,10,2.2625942050219168
50,287,0.8926873816190892,1.8640822659018326,1.7736710976861136,0,1.3046639106885618,-0.5594183552132708,6,0,1,14,33.691610015928006,1,29,0.01494801437646098,55,63,0,29,9,3.228403584820081
51,130,0.8850885911659705,1.4972046614013699,0.7592932993675968,0.5591270503514512,1.253071344755873,-0.24413331664549687,6,0,1,14,37.24882775705704,1,31,0.0173235162285578,42,46,0,22,9,1.5715571927778798
52,626,0.8678247122685632,45.41393752579125,97.69914012099804,0.5420575108970969,2.0588381670069573,-43.35509935878429,6,0,1,14,39.95648932100528,0,31,0.018429912622912305,40,53,0,21,8,1.8447218550352704
53,36,0.8676269613703567,1.4301685261739214,0.5420238919238879,0.748665085411764,1.3478258777975265,-0.08234264837639493,6,1,1,14,28.919337346397217,1,25,0.01061352821894114,51,54,0,21,12,2.829076469015366
54,320,0.8396165456738591,2.0212487515493525,1.8495737874421705,0.2848059885760135,1.468986197078323,-0.5522625544710296,6,0,1,14,34.81498547983682,0,39,0.019760741685593212,43,62,0,25,13,1.999670602807134
55,359,0.8357460752771848,2.1391277614006277,2.4883462721564418,0,1.7073253358669076,-0.43180242553372006,6,0,1,14,37.41505998421908,0,37,0.012376260542832168,54,61,0,25,7,2.597093135147537
56,711,0.8332229350314246,1.7310468593888013,1.1980757536565039,0.23541526521928233,1.4633842835069053,-0.267662575881896,6,0,1,14,33.946437212819596,0,28,0.019247173741546608,56,69,0,29,13,1.9316976007867657
57,47,0.8257736483276586,1.4459581023680614,1.5590840501613585,0,1.081192825818963,-0.3647652765490985,6,0,1,14,40.035800206657285,0,38,0.011142189976481328,54,41,0,30,10,2.485590409912109
58,306,0.8211987817179311,2.8422357297153336,2.599528230258419,0.623816530965666,2.251902061903046,-0.5903336678122875,6,0,1,14,29.34144212586437,1,39,0.028262703976070967,49,61,0,22,11,2.4653026212573375
59,206,0.8090620239660775,1.5378747454573196,0.8477842106160897,0.3835813419583307,1.2769012109046334,-0.26097353455268624,6,0,1,14,29.365689404122847,1,33,0.015996865030783743,52,58,0,26,13,1.7508187924120338
60,497,0.8006599662342855,1.6095180569461158,0.8872342660408845,0.3288708187062934,1.2075167212038862,-0.4020013357422296,6,0,1,14,32.48914901434889,0,31,0.021682544721531437,58,63,0,20,10,1.9837527347674593
61,437,0.7604616381304634,169.10084542648192,371.59201224957314,0.2877494434889365,3.514714249675226,-165.5861311768067,6,0,1,14,39.899559413067635,1,27,0.01392794216976707,49,42,0,30,8,1.7507039575372068
62,714,0.7593241174984358,1.8882172085594295,1.5161807093055877,0,1.5496688287902411,-0.3385483797691884,6,0,1,14,34.484429010745934,1,34,0.012774539842371478,44,58,0,26,12,3.0752157589697813
63,604,0.7575332945954847,2.292839143967313,2.020694662144614,0,1.972536923754534,-0.320302220212779,6,0,1,14,36.107277468145575,1,22,0.013221706913012814,60,53,0,24,9,3.664230950425539
64,567,0.7326678281916185,1.5189793905018825,0.9210350757932255,0.19721933497590807,1.407131426566867,-0.1118479639350154,6,0,1,14,32.934891951317475,1,25,0.02218957873682633,46,68,0,29,11,1.664881299040509
65,771,0.7276840386815296,1.3085592380311337,0.9035195399775133,0,1.4200292996157142,0.1114700615845805,6,0,1,14,36.32182348467581,0,40,0.013573016430688542,44,42,0,27,12,2.1631609314440032
66,859,0.72552538412807,3.239148517052327,3.614794351008215,0.3017039220282934,1.8735208199557813,-1.3656276970965455,6,0,1,14,34.291465798022514,1,37,0.01731708309101735,42,40,0,30,8,1.5616776416492093
67,578,0.7130224330375698,18.426685878797198,37.4532520506165,0,1.802219265282946,-16.62446661351425,6,0,1,14,26.430912918630895,0,23,0.010420080825527617,41,43,0,22,7,3.4235006381080804
68,387,0.7117905118764591,2.2601552003987315,1.895177785170347,0.5040891981291941,1.5203866253882559,-0.7397685750104757,6,0,1,14,25.940114962771617,0,27,0.016378513738571396,44,55,0,30,10,2.2860564262252785
69,654,0.7023963530793293,1.9839092223098775,1.8753729958997603,0.3319895265307588,1.2863476090602861,-0.6975616132495914,6,0,1,14,38.90871906418227,0,38,0.012473360681578298,46,54,0,27,7,2.376121248446908
70,569,0.6975754863198305,1.4371949589088473,0.9848122475277568,0,1.3410957171577937,-0.09609924175105355,6,0,1,14,32.77528198750403,0,21,0.013127098106858233,60,53,0,24,12,2.8798955595029336
71,656,0.6879300463869067,2.273557907273843,1.5272243871682316,0.4963259974993966,1.5491590971327227,-0.7243988101411203,6,0,1,14,43.2131046537193,0,21,0.023452866660706374,59,41,0,25,9,1.5696193772479226
72,525,0.6873290635989393,1.918794016859285,1.2274404392127063,0.4874152394141852,1.3096192809263314,-0.6091747359329536,6,0,1,14,25.220911129731572,0,33,0.012967045594476718,47,51,0,30,7,1.5518862831828892
73,198,0.6698536431183881,20.770368789921225,43.029589630420304,0,2.1955806006818146,-18.57478818923941,6,0,1,14,35.114717374975726,0,33,0.010782550050701807,51,43,0,30,9,3.7608067978438697
74,261,0.6575603221305519,1.437942917769015,1.3011830354458733,0,1.2290131507416335,-0.20892976702738153,6,0,1,14,40.95385788273797,1,35,0.013911454189386122,59,40,0,25,13,2.100841445104023
75,884,0.6527206101977829,1.7458218641573902,1.4374070500461953,0,1.3882231067012019,-0.3575987574561883,6,0,1,14,37.822943703171525,1,26,0.01335526771314756,41,62,0,28,10,3.119526835128063
76,574,0.6477125180859693,1.4043290926048735,0.8455638398796486,0.23382224516000463,1.396855851187117,-0.007473241417756515,6,0,1,14,36.6831050611332,0,35,0.013778091300548872,42,65,0,21,8,1.8880371301164471
77,593,0.6311623756395055,2.4989238506459484,2.19099337718649,0,1.5611675286465658,-0.9377563219993825,6,0,1,14,33.38986155413954,1,30,0.010923901000095024,53,47,0,30,7,2.131632303726154
78,502,0.6217994225683321,2.2938150167209046,2.0434686060723646,0,1.9024556823052012,-0.39135933441570336,6,0,1,14,36.93603577047943,1,22,0.01323507604313007,60,54,0,30,12,3.715036516789836
79,460,0.5861211708458607,3.3029189531985854,2.8254221326124047,0.428100791727288,2.1020001852433974,-1.200918767955188,6,0,1,14,26.062535074876696,1,40,0.016912892726401653,41,50,0,25,7,2.7864278820398187
80,153,0.5647803253068375,1.7694686631790926,1.273788716275867,0.3992857347297201,1.6372294913496284,-0.1322391718294642,6,0,1,14,33.706667045175124,1,33,0.011709214644450698,47,66,0,26,11,2.79529322485022
81,905,0.5614147786805319,1.6736462577727291,1.2868695056587067,0.2555294934873275,1.4478765864408742,-0.22576967133185488,6,0,1,14,31.76718373076732,1,29,0.010517389869990202,51,55,0,24,7,2.912321729758375
82,418,0.48114666586595733,84.78107432060688,184.86527371403392,0.4823106945798418,3.71730687542639,-81.06376744518049,6,0,1,14,38.99054065299681,0,40,0.015857476207853972,47,64,0,26,10,1.7988943321412851
83,410,0.47382168929944124,13.800977794910148,28.241735883216986,0,1.4820894152097643,-12.318888379700384,6,0,1,14,28.973872230984114,0,22,0.010698736141232762,50,42,0,25,8,2.7435140474337905
84,263,0.44798183641582656,1.8609343119458643,1.3214426154285752,0.2534518900318215,1.4686463018535356,-0.3922880100923287,6,0,1,14,33.38242390569272,0,27,0.01080457613736026,48,58,0,26,7,1.7640882184404532
85,402,0.41205587013471856,1.4183853518885285,0.8567659348202579,0.46538812590594986,1.131147043398658,-0.28723830848987064,6,0,1,14,25.435118280834036,1,26,0.01030974131265487,60,46,0,30,12,1.724055844980502
86,436,0.4016846003145298,2.0977911367979964,1.6583077223081721,0,2.09924401144289,0.0014528746448934093,6,0,1,14,35.68830609645195,1,21,0.012527051955271025,43,59,0,20,10,2.936705429856855
87,636,0.3881582735732574,10.332711834037957,19.99857074021644,0,1.8469405492104798,-8.485771284827477,6,0,1,14,30.788945891277436,1,34,0.014488568723377473,41,61,0,30,13,3.5623648807529924
88,177,0.38185432355288595,2.481740215392039,2.470986204342999,0.3722108936955095,1.8666219242060922,-0.615118291185947,6,0,1,14,39.78808699835131,0,23,0.015029473976697945,40,59,0,27,13,2.6458766154498825
89,345,0.36302002750912554,1.5422394429568662,0.989489366656082,0.34525177347201047,1.3134577535309997,-0.22878168942586652,6,0,1,14,38.44571541779152,1,27,0.01509056304998155,47,63,0,24,12,2.0052016246749313
90,88,0.3579961925248001,1.243377394240905,1.00347524248617,0,1.183256045047414,-0.06012134919349088,6,0,1,14,31.488936194706973,1,29,0.016584234561468732,58,70,0,21,8,3.079739426271248
91,339,0.34609250736934727,13.055213697495242,26.445142423063018,0,2.976116749001235,-10.079096948494007,6,0,1,14,35.23534230078157,0,26,0.011506772352642636,58,49,0,27,7,3.229022852128046
92,419,0.345576337739427,167.9267612600504,372.1114661705019,0.4173588017795771,1.8910609832089091,-166.03570027684148,6,0,1,14,38.820129569730376,1,28,0.011939745239757313,42,52,0,22,9,2.4739216230634153
93,494,0.27515363500445167,18.564022562341467,36.742400921381375,0.45955190079806907,2.992521166805029,-15.571501395536439,6,0,1,14,30.669782425390753,1,29,0.02623712674954072,40,68,0,25,11,2.735850944080219
94,571,0.22389944480848012,2.139394501823762,1.9186291569616916,0,1.7783579067408288,-0.36103659508293307,6,0,1,14,34.9572285327672,1,40,0.016845242784747923,47,67,0,20,12,3.3197069460091546
95,739,0.2164505677971278,1.455007387611995,0.9983598260634079,0.44048122782717797,1.329339382191365,-0.12566800542063006,6,0,1,14,33.525956680803645,0,22,0.01737102888281191,53,45,0,20,12,1.5289231148810865
96,845,0.2066428026163587,10.79312352577872,21.396278409582276,0,1.6856530617801573,-9.107470463998563,6,0,1,14,31.2765507695688,1,23,0.010721814126419326,47,51,0,25,9,3.3999268692014972
97,537,0.19398721440672162,2.4655407313943662,1.9695620763076895,0.4445787345848124,1.8245224860289238,-0.6410182453654425,6,0,1,14,36.55569017011229,0,35,0.010145930174350455,46,47,0,29,11,3.116446094883779
98,158,0.08979234704178785,2.4208347254398497,2.3521681730199964,0.5530931512074958,1.260914212636363,-1.1599205128034866,6,0,1,14,25.43423156367428,0,28,0.018825630426246538,43,70,0,22,10,2.887103201191217
99,875,0.07097564945394685,3.256770420214002,3.4409828216805507,0.6410177192030464,2.049729597208708,-1.2070408230052942,6,0,1,14,25.9544008036354,1,25,0.010866374795326096,58,59,0,23,9,1.5383431277743995
100,664,0.03365020554620579,2.164106203476582,2.2019678039108137,0.3193440720727115,1.5225557450273806,-0.6415504584492016,6,0,1,14,38.33722477079624,0,27,0.01911985841942811,55,61,0,28,9,2.224773658452869
101,109,0.024824695793374207,2.8601359239754545,2.2794711691710443,0.48674570951918306,2.149124032386814,-0.7110118915886403,6,0,1,14,25.992130952933927,0,31,0.016610889777013287,60,59,0,25,9,2.509911296561479
102,871,-0.03468208653255411,12.619676908843019,23.857919451050726,0.30868525400291136,2.3649696255192634,-10.254707283323755,6,0,1,14,33.66811881146958,0,37,0.011177198897935217,40,51,0,28,13,3.5419421044201336
103,727,-0.1178601766710683,13.667953046640177,25.482511953591114,0,2.372039696282903,-11.295913350357274,6,0,1,14,34.11952478982716,0,23,0.013421769916553906,48,46,0,22,9,2.2161655212149203
104,219,-0.35565703244150115,3.3616578400760204,3.2634192631868664,0.3493282333174068,2.230929360044397,-1.1307284800316233,6,0,1,14,38.63239705388936,0,22,0.016647448516764824,50,58,0,25,11,1.653581204014681
105,876,-0.516613390188662,3.2845251157948803,3.688674108427801,0,2.1605694712907657,-1.1239556445041146,6,0,1,14,32.91386040683539,0,21,0.01347354729520971,56,61,0,23,9,3.496639169547369
106,369,-0.7027565449235396,168.22131163830122,371.98334251790726,0,2.8377834820171177,-165.3835281562841,6,0,1,14,38.55800738367874,1,31,0.010827309118986212,41,40,0,26,7,3.154120556650243
107,611,-1.165967476473549,168.5676539199106,371.8320902247989,0,3.218840692599805,-165.3488132273108,6,0,1,14,38.244358691905155,0,22,0.011348184272629878,43,49,0,29,9,2.6488280557128547
108,515,-1.7388182375916177,25.691069726345066,50.91407044116215,0.5754456492940407,4.292451078000463,-21.398618648344602,6,0,1,14,28.116151876827914,0,23,0.010149775261183974,55,63,0,24,13,2.5727380557737956
109,783,-42.046199982847185,41.53559988733776,56.33502414007915,0.23049407166553992,3.289787183981763,-38.245812703355995,6,0,1,14,44.30613197925575,1,22,0.01426790248930506,55,65,0,27,12,1.62145061356655
